,Squirtle,Charmander,Bulbasaur,Eevee,Pikachu
Charmander,52.52742733298693,,48.61259221870628,37.10223877641647,27.99001786351699
Bulbasaur,52.23130181116386,48.61259221870628,,30.9659698522247,51.63292866206819
Pikachu,15.491574771109903,27.990017863516986,51.63292866206819,49.53947741167868,
Eevee,35.42457699896437,37.10223877641647,30.965969852224703,,49.53947741167868
Squirtle,,52.52742733298693,52.23130181116386,35.42457699896437,15.491574771109903
